{"rows": [
    {"additional_fields": null, "city": null, "motivation": null, "user_id": "110882302764637411427", "name": "Yishi ", "privacy": null, "country": null, "age": null, "profession": null, "is_enrolled": true, "key": "ag9zfngtaW5mb3JtYXRpY3NyHQsSB1N0dWRlbnQiEEZyZWVGVEBnbWFpbC5jb20M", "state": null, "key.name": "FreeFT@gmail.com", "scores": null, "organization": "IU", "education": null, "enrolled_on": "2013/07/03"},
    {"additional_fields": null, "city": null, "motivation": null, "user_id": "106612563254052133390", "name": "Joe H", "privacy": null, "country": null, "age": null, "profession": null, "is_enrolled": true, "key": "ag9zfngtaW5mb3JtYXRpY3NyHwsSB1N0dWRlbnQiEkpvZS5BVEFDQGdtYWlsLmNvbQw", "state": null, "key.name": "Joe.ATAC@gmail.com", "scores": null, "organization": "IU", "education": null, "enrolled_on": "2013/02/27"},
    {"additional_fields": "[[\"xsrf_token\", \"1375764342/SI0MpirKhZyZEPNhpkj0iw==\"], [\"form01\", \"Stephon\"]]", "city": null, "motivation": null, "user_id": "111280740245867329487", "name": "Stephon", "privacy": null, "country": null, "age": null, "profession": null, "is_enrolled": true, "key": "ag9zfngtaW5mb3JtYXRpY3NyJQsSB1N0dWRlbnQiGFN0ZXBob24uSGFycmlzQGdtYWlsLmNvbQw", "state": null, "key.name": "Stephon.Harris@gmail.com", "scores": null, "organization": null, "education": null, "enrolled_on": "2013/08/06"},
    {"additional_fields": null, "city": null, "motivation": null, "user_id": "110665267153375189684", "name": "abhik", "privacy": null, "country": null, "age": null, "profession": null, "is_enrolled": true, "key": "ag9zfngtaW5mb3JtYXRpY3NyIAsSB1N0dWRlbnQiE2FiaGlrMTM2OEBnbWFpbC5jb20M", "state": null, "key.name": "abhik1368@gmail.com", "scores": null, "organization": "IU", "education": null, "enrolled_on": "2013/06/21"},
    {"additional_fields": null, "city": null, "motivation": null, "user_id": "104127063735531037757", "name": "Abhilash", "privacy": null, "country": null, "age": null, "profession": null, "is_enrolled": true, "key": "ag9zfngtaW5mb3JtYXRpY3NyJgsSB1N0dWRlbnQiGWFiaGlsYXNoa29wcHVsYUBnbWFpbC5jb20M", "state": null, "key.name": "abhilashkoppula@gmail.com", "scores": null, "organization": "Indiana University", "education": null, "enrolled_on": "2013/06/21"},
    {"additional_fields": null, "city": null, "motivation": null, "user_id": "117320924729201023996", "name": "Bobby Schnabel", "privacy": null, "country": null, "age": null, "profession": null, "is_enrolled": true, "key": "ag9zfngtaW5mb3JtYXRpY3NyJAsSB1N0dWRlbnQiF2JvYmJ5c2NobmFiZWxAZ21haWwuY29tDA", "state": null, "key.name": "bobbyschnabel@gmail.com", "scores": null, "organization": "Indiana University", "education": null, "enrolled_on": "2013/02/10"},
    {"additional_fields": null, "city": null, "motivation": null, "user_id": "109686461817231183392", "name": "Bryce Lewis", "privacy": null, "country": null, "age": null, "profession": null, "is_enrolled": true, "key": "ag9zfngtaW5mb3JtYXRpY3NyJAsSB1N0dWRlbnQiF2JyeWNlLmsubGV3aXNAZ21haWwuY29tDA", "state": null, "key.name": "bryce.k.lewis@gmail.com", "scores": null, "organization": "Bryn Mawr College", "education": null, "enrolled_on": "2013/02/27"},
    {"additional_fields": null, "city": null, "motivation": null, "user_id": "111329537070390039932", "name": "Thomas", "privacy": null, "country": null, "age": null, "profession": null, "is_enrolled": true, "key": "ag9zfngtaW5mb3JtYXRpY3NyHwsSB1N0dWRlbnQiEmNnbG1vb2NzQGdtYWlsLmNvbQw", "state": null, "key.name": "cglmoocs@gmail.com", "scores": null, "organization": null, "education": null, "enrolled_on": "2013/01/31"},
    {"additional_fields": "[[\"xsrf_token\", \"1377895439/5AQg0hcP0Eo1V8RvFDpleA==\"], [\"form01\", \"Eric\"], [\"age\", \"99\"], [\"city\", \"Bloomington\"], [\"state\", \"Indiana\"], [\"country\", \"United States of America\"], [\"education\", \"Master's degree\"], [\"profession\", \"student\"], [\"organization\", \"IU\"], [\"motivation\", \"testing\"], [\"privacy\", \"private\"]]", "city": "Bloomington", "motivation": "testing", "user_id": "106975816996044386839", "name": "Eric", "privacy": "private", "country": "United States of America", "age": "99", "profession": "student", "is_enrolled": true, "key": "ag9zfngtaW5mb3JtYXRpY3NyIQsSB1N0dWRlbnQiFGVyaWN5dW5nMjhAZ21haWwuY29tDA", "state": "Indiana", "key.name": "ericyung28@gmail.com", "scores": null, "organization": "IU", "education": "Master's degree", "enrolled_on": "2013/01/29"},
    {"additional_fields": null, "city": null, "motivation": null, "user_id": "111090192318936830222", "name": "Geoffrey Fox", "privacy": null, "country": null, "age": null, "profession": null, "is_enrolled": true, "key": "ag9zfngtaW5mb3JtYXRpY3NyIgsSB1N0dWRlbnQiFWdjZmV4Y2hhbmdlQGdtYWlsLmNvbQw", "state": null, "key.name": "gcfexchange@gmail.com", "scores": null, "organization": null, "education": null, "enrolled_on": "2013/02/04"},
    {"additional_fields": null, "city": null, "motivation": null, "user_id": "114928185729764131995", "name": "John", "privacy": null, "country": null, "age": null, "profession": null, "is_enrolled": true, "key": "ag9zfngtaW5mb3JtYXRpY3NyIQsSB1N0dWRlbnQiFGp0d2VlZGllQGluZGlhbmEuZWR1DA", "state": null, "key.name": "jtweedie@indiana.edu", "scores": null, "organization": "IU", "education": null, "enrolled_on": "2013/06/18"},
    {"additional_fields": null, "city": null, "motivation": null, "user_id": "112194694930406798668", "name": "Judy", "privacy": null, "country": null, "age": null, "profession": null, "is_enrolled": true, "key": "ag9zfngtaW5mb3JtYXRpY3NyIQsSB1N0dWRlbnQiFGp1ZHkucWl1MDlAZ21haWwuY29tDA", "state": null, "key.name": "judy.qiu09@gmail.com", "scores": null, "organization": "PTI", "education": null, "enrolled_on": "2013/03/01"},
    {"additional_fields": null, "city": null, "motivation": null, "user_id": "115947311749733909823", "name": "Gregor von Laszewski", "privacy": null, "country": null, "age": null, "profession": null, "is_enrolled": true, "key": "ag9zfngtaW5mb3JtYXRpY3NyIAsSB1N0dWRlbnQiE2xhc3pld3NraUBnbWFpbC5jb20M", "state": null, "key.name": "laszewski@gmail.com", "scores": null, "organization": "Indiana University", "education": null, "enrolled_on": "2013/07/10"},
    {"additional_fields": null, "city": null, "motivation": null, "user_id": "112838998688233596011", "name": "Maggie Ricci", "privacy": null, "country": null, "age": null, "profession": null, "is_enrolled": true, "key": "ag9zfngtaW5mb3JtYXRpY3NyJQsSB1N0dWRlbnQiGG1hZ2dpZS5yaWNjaTU3QGdtYWlsLmNvbQw", "state": null, "key.name": "maggie.ricci57@gmail.com", "scores": null, "organization": "Indiana University Bloomington", "education": null, "enrolled_on": "2013/06/05"},
    {"additional_fields": null, "city": null, "motivation": null, "user_id": "100577752485673599167", "name": "Santosh Iyer", "privacy": null, "country": null, "age": null, "profession": null, "is_enrolled": true, "key": "ag9zfngtaW5mb3JtYXRpY3NyJAsSB1N0dWRlbnQiF21haWxzMnNhbnRvc2hAZ21haWwuY29tDA", "state": null, "key.name": "mails2santosh@gmail.com", "scores": null, "organization": "SUNY Buffalo", "education": null, "enrolled_on": "2013/06/23"},
    {"additional_fields": null, "city": null, "motivation": null, "user_id": "112348201293448089706", "name": "Miguel", "privacy": null, "country": null, "age": null, "profession": null, "is_enrolled": true, "key": "ag9zfngtaW5mb3JtYXRpY3NyJAsSB1N0dWRlbnQiF21pZ3VlbC5hLmxhcmFAZ21haWwuY29tDA", "state": null, "key.name": "miguel.a.lara@gmail.com", "scores": null, "organization": "CITL", "education": null, "enrolled_on": "2013/03/14"},
    {"additional_fields": "[[\"xsrf_token\", \"1377734564/Lm77d4z38fUY2LcuScrRog==\"], [\"form01\", \"Miguel Lara\"], [\"age\", \"39\"], [\"profession\", \"Professor\"], [\"motivation\", \"Learn more about big data\"]]", "city": null, "motivation": null, "user_id": "109243891580482971339", "name": "Miguel Lara", "privacy": null, "country": null, "age": "39", "profession": "Professor", "is_enrolled": true, "key": "ag9zfngtaW5mb3JtYXRpY3NyHQsSB1N0dWRlbnQiEG1pbGFyYUBjc3VtYi5lZHUM", "state": null, "key.name": "milara@csumb.edu", "scores": null, "organization": null, "education": null, "enrolled_on": "2013/08/29"},
    {"additional_fields": null, "city": null, "motivation": null, "user_id": "106582964751310164315", "name": "Mary", "privacy": null, "country": null, "age": null, "profession": null, "is_enrolled": true, "key": "ag9zfngtaW5mb3JtYXRpY3NyIAsSB1N0dWRlbnQiE21zdG9yZXM3NUBnbWFpbC5jb20M", "state": null, "key.name": "mstores75@gmail.com", "scores": null, "organization": "Indiana University", "education": null, "enrolled_on": "2013/02/12"},
    {"additional_fields": "[[\"xsrf_token\", \"1377393978/FGNpRXPtApHabSA7zu_-LQ==\"], [\"form01\", \"Nirav\"], [\"age\", \"44\"], [\"profession\", \"Research\"], [\"motivation\", \"Learning\"]]", "city": null, "motivation": null, "user_id": "105059030709485728206", "name": "Nirav", "privacy": null, "country": null, "age": "44", "profession": "Research", "is_enrolled": true, "key": "ag9zfngtaW5mb3JtYXRpY3NyJQsSB1N0dWRlbnQiGG5pcmF2Lm1lcmNoYW50QGdtYWlsLmNvbQw", "state": null, "key.name": "nirav.merchant@gmail.com", "scores": null, "organization": null, "education": null, "enrolled_on": "2013/08/25"},
    {"additional_fields": null, "city": null, "motivation": null, "user_id": "101549892696697472474", "name": "Onur Savas", "privacy": null, "country": null, "age": null, "profession": null, "is_enrolled": true, "key": "ag9zfngtaW5mb3JtYXRpY3NyIAsSB1N0dWRlbnQiE29udXJzYXZhc0BnbWFpbC5jb20M", "state": null, "key.name": "onursavas@gmail.com", "scores": null, "organization": "Intelligent Automation, Inc.", "education": null, "enrolled_on": "2013/05/22"},
    {"additional_fields": "[[\"xsrf_token\", \"1375716783/pyd0s9vPoHpdKF6ovrWM8g==\"], [\"form01\", \"Christian\"]]", "city": null, "motivation": null, "user_id": "109637692237196832374", "name": "Christian", "privacy": null, "country": null, "age": null, "profession": null, "is_enrolled": true, "key": "ag9zfngtaW5mb3JtYXRpY3NyJAsSB1N0dWRlbnQiF3Blcm95b3NlQGdvb2dsZW1haWwuY29tDA", "state": null, "key.name": "peroyose@googlemail.com", "scores": null, "organization": null, "education": null, "enrolled_on": "2013/08/05"},
    {"additional_fields": null, "city": null, "motivation": null, "user_id": "103776214718332594681", "name": "Peter", "privacy": null, "country": null, "age": null, "profession": null, "is_enrolled": true, "key": "ag9zfngtaW5mb3JtYXRpY3NyHwsSB1N0dWRlbnQiEnBub3J2aWdAZ29vZ2xlLmNvbQw", "state": null, "key.name": "pnorvig@google.com", "scores": null, "organization": "Self", "education": null, "enrolled_on": "2013/06/20"},
    {"additional_fields": null, "city": null, "motivation": null, "user_id": "113330932851119078601", "name": "Ifeanyi Rowland", "privacy": null, "country": null, "age": null, "profession": null, "is_enrolled": true, "key": "ag9zfngtaW5mb3JtYXRpY3NyJwsSB1N0dWRlbnQiGnJvd2xhbmRpZmVhbnlpMTdAZ21haWwuY29tDA", "state": null, "key.name": "rowlandifeanyi17@gmail.com", "scores": null, "organization": "IU-SROC", "education": null, "enrolled_on": "2013/06/13"},
    {"additional_fields": "[[\"xsrf_token\", \"1377874078/A4DuSmwYJa_coY1wEWlRPQ==\"], [\"form01\", \"sidd maini\"], [\"age\", \"90\"], [\"profession\", \"ux\"], [\"motivation\", \"learner\"]]", "city": null, "motivation": null, "user_id": "115654999563819075882", "name": "sidd maini", "privacy": null, "country": null, "age": "90", "profession": "ux", "is_enrolled": true, "key": "ag9zfngtaW5mb3JtYXRpY3NyJQsSB1N0dWRlbnQiGHNpZGRoYXJ0aG1haW5pQGdtYWlsLmNvbQw", "state": null, "key.name": "siddharthmaini@gmail.com", "scores": null, "organization": null, "education": null, "enrolled_on": "2013/08/30"},
    {"additional_fields": null, "city": null, "motivation": null, "user_id": "110891797389473559788", "name": "Sridhar Rajagopalan", "privacy": null, "country": null, "age": null, "profession": null, "is_enrolled": true, "key": "ag9zfngtaW5mb3JtYXRpY3NyIwsSB1N0dWRlbnQiFnNyaWRoYXIuYXNoa0BnbWFpbC5jb20M", "state": null, "key.name": "sridhar.ashk@gmail.com", "scores": null, "organization": "Indiana University", "education": null, "enrolled_on": "2013/07/11"},
    {"additional_fields": null, "city": null, "motivation": null, "user_id": "116074067260035326935", "name": "Tigh Bradley", "privacy": null, "country": null, "age": null, "profession": null, "is_enrolled": true, "key": "ag9zfngtaW5mb3JtYXRpY3NyIQsSB1N0dWRlbnQiFHN0YXJrcm9hZHNAZ21haWwuY29tDA", "state": null, "key.name": "starkroads@gmail.com", "scores": null, "organization": "Beef Jerky Games", "education": null, "enrolled_on": "2013/06/17"},
    {"additional_fields": "[[\"xsrf_token\", \"1375378085/OEck7NEGz1JWkCGHKrwiYg==\"], [\"form01\", \"Fei\"]]", "city": null, "motivation": null, "user_id": "114667568827405542591", "name": "Fei", "privacy": null, "country": null, "age": null, "profession": null, "is_enrolled": true, "key": "ag9zfngtaW5mb3JtYXRpY3NyIQsSB1N0dWRlbnQiFHRmLnJpY2hhcmRAZ21haWwuY29tDA", "state": null, "key.name": "tf.richard@gmail.com", "scores": null, "organization": null, "education": null, "enrolled_on": "2013/08/01"},
    {"additional_fields": null, "city": null, "motivation": null, "user_id": "107471699383181460717", "name": "test", "privacy": null, "country": null, "age": null, "profession": null, "is_enrolled": true, "key": "ag9zfngtaW5mb3JtYXRpY3NyKQsSB1N0dWRlbnQiHHRob21hc2JydWNld2lnZ2luc0BnbWFpbC5jb20M", "state": null, "key.name": "thomasbrucewiggins@gmail.com", "scores": null, "organization": "bob's burgers", "education": null, "enrolled_on": "2013/06/07"},
    {"additional_fields": null, "city": null, "motivation": null, "user_id": "114576833441938055477", "name": "Tianjiao Liu", "privacy": null, "country": null, "age": null, "profession": null, "is_enrolled": true, "key": "ag9zfngtaW5mb3JtYXRpY3NyIgsSB1N0dWRlbnQiFXRpYW5qaWFvNjExQGdtYWlsLmNvbQw", "state": null, "key.name": "tianjiao611@gmail.com", "scores": null, "organization": "IU School of Informatics, IUPUI", "education": null, "enrolled_on": "2013/06/24"},
    {"additional_fields": null, "city": null, "motivation": null, "user_id": "113915918147381799732", "name": "Eric", "privacy": null, "country": null, "age": null, "profession": null, "is_enrolled": true, "key": "ag9zfngtaW5mb3JtYXRpY3NyHwsSB1N0dWRlbnQiEnRzYW9jQHVtYWlsLml1LmVkdQw", "state": null, "key.name": "tsaoc@umail.iu.edu", "scores": null, "organization": null, "education": null, "enrolled_on": "2013/01/31"},
    {"additional_fields": null, "city": null, "motivation": null, "user_id": "105520459071497909105", "name": "Barbara Ann O'Leary", "privacy": null, "country": null, "age": null, "profession": null, "is_enrolled": true, "key": "ag9zfngtaW5mb3JtYXRpY3NyJAsSB1N0dWRlbnQiF3dyaXRpbmdhcmlzZXNAZ21haWwuY29tDA", "state": null, "key.name": "writingarises@gmail.com", "scores": null, "organization": "FutureGrid", "education": null, "enrolled_on": "2013/02/12"},
    {"additional_fields": "[[\"xsrf_token\", \"1377690975/HqzLtiyMgW2eg6ZjqYXCUg==\"], [\"form01\", \"\"], [\"age\", \"\"], [\"profession\", \"\"], [\"motivation\", \"\"]]", "city": null, "motivation": null, "user_id": "118045390171050987383", "name": "", "privacy": null, "country": null, "age": "", "profession": "", "is_enrolled": true, "key": "ag9zfngtaW5mb3JtYXRpY3NyHgsSB1N0dWRlbnQiEXphbWJyb25AZ21haWwuY29tDA", "state": null, "key.name": "zambron@gmail.com", "scores": null, "organization": null, "education": null, "enrolled_on": "2013/08/28"},
    {"additional_fields": "[[\"xsrf_token\", \"1377879384/y4ZDDqi1KT4YzC4Z5aQQ4A==\"], [\"form01\", \"Zach Carnagey\"], [\"age\", \"35\"], [\"profession\", \"Instructional Designer\"], [\"motivation\", \"MOOC investigation\"]]", "city": null, "motivation": null, "user_id": "102708277867800055127", "name": "Zach Carnagey", "privacy": null, "country": null, "age": "35", "profession": "Instructional Designer", "is_enrolled": true, "key": "ag9zfngtaW5mb3JtYXRpY3NyIAsSB1N0dWRlbnQiE3pjYXJuYWdleUBnbWFpbC5jb20M", "state": null, "key.name": "zcarnagey@gmail.com", "scores": null, "organization": null, "education": null, "enrolled_on": "2013/08/30"}
]}